"FRFR1PRATIESIM0E",0.000000
"FRM38P38185022",0.000000
"FREBNPZFXETGZFXETG",0.000000
"FRFR1PAJAG0W3H7HAJAG0W3H7H",0.000000
"FRFR1PWD96MMJNF3WD96MMJNF3",0.000000
"FRS89PL4SV657FSZL4SV657FSZ",0.000000
"FRHPCPNF059748FR*HPC*PNF059748",0.000000
"FRHPCPNF070668FR*HPC*PNF070668",0.000000
"FRFR1PJGZFJ7CM6VJGZFJ7CM6V",0.000000
